Model name	loss
ZT1	1.0986122886681355
ZT2	1.0986122886681355
Random	1.3793379985378267
ensemble	1.3793379985378267
