ID,A,B,NEITHER
test-1,0.38951531052589417,0.35024383664131165,0.2602408826351166
test-2,0.4110461175441742,0.4014929234981537,0.1874610036611557
test-3,0.40048274397850037,0.41722002625465393,0.1822972446680069
test-4,0.3980202376842499,0.39719951152801514,0.20478026568889618
