ID,A,B,NEITHER
test-1,0.3238798677921295,0.33024102449417114,0.34587910771369934
test-2,0.3418191075325012,0.3320257067680359,0.3261552155017853
test-3,0.3568887710571289,0.3324775993824005,0.3106335401535034
test-4,0.3409629166126251,0.33799654245376587,0.321040540933609
test-5,0.32779037952423096,0.33009815216064453,0.3421114683151245
