ID,A,B,NEITHER
test-1,0.4478990435600281,0.438931405544281,0.1131695955991745
test-2,0.4911360740661621,0.40134015679359436,0.10752378404140472
test-3,0.4229581654071808,0.46210378408432007,0.11493801325559616
test-4,0.441137433052063,0.44321921467781067,0.11564331501722336
test-5,0.49144744873046875,0.39840662479400635,0.1101459190249443
test-6,0.4366598129272461,0.4538573920726776,0.1094827800989151
test-7,0.42675578594207764,0.48638397455215454,0.08686017990112305
test-8,0.4627125859260559,0.427735298871994,0.10955208539962769
test-9,0.44056016206741333,0.44290897250175476,0.11653091013431549
